[
  {
    "_id": 0,
    "skill": "HTML5"
  },
  {
    "_id": 1,
    "skill": "CSS3"
  },
  {
    "_id": 2,
    "skill": "Bootstrap"
  },
  {
    "_id": 3,
    "skill": "JavaScript"
  },
  {
    "_id": 4,
    "skill": "jQuery"
  },
  {
    "_id": 5,
    "skill": "Ajax"
  },
  {
    "_id": 6,
    "skill": "Angular 1.x"
  },
  {
    "_id": 7,
    "skill": "Angular 2.x"
  },
  {
    "_id": 8,
    "skill": "Karma"
  },
  {
    "_id": 9,
    "skill": "Jasmine"
  },
  {
    "_id": 10,
    "skill": "Istanbul"
  },
  {
    "_id": 11,
    "skill": "Kendo UI"
  },
  {
    "_id": 12,
    "skill": "Materialize CSS"
  },
  {
    "_id": 13,
    "skill": "Saas"
  },
  {
    "_id": 14,
    "skill": "High Charts"
  },
  {
    "_id": 15,
    "skill": "TypeScript"
  },
  {
    "_id": 16,
    "skill": "ES6"
  },
  {
    "_id": 17,
    "skill": "NativeScript"
  },
  {
    "_id": 18,
    "skill": "Ionic"
  },
  {
    "_id": 19,
    "skill": "Cordova"
  },
  {
    "_id": 20,
    "skill": "React JS"
  }
]