[
    {
        "eId" : "1",
        "name":"Chaitanya Chauhan", 
        "designation":"Sr. UI Developer", 
        "profileImage":"../assets/images/defaultDP.jpeg", 
        "skills":"HTML, CSS, JS, jQuery, AngularJS, XML", 
        "graph" : {
            "keys" : ["HTML, JS, jQuery, AngularJS"],
            "values" : ["8, 5, 8, 6"]
        }
    },
    {
        "eId" : "2",
        "name":"Ajit Nayak", 
        "designation":"UX Designer", 
        "profileImage":"../assets/images/defaultDP.jpeg", 
        "skills":"Photoshop, Fireworks", 
        "graph" : {
            "keys" : ["Photoshop, Fireworks"],
            "values" : ["5, 8"]
        }
    },
    {
        "eId" : "3",
        "name":"Rishabh", 
        "designation":"Sr. UI Developer", 
        "profileImage":"../assets/images/defaultDP.jpeg", 
        "skills":"HTML, CSS, JS, jQuery, AngularJS, XML", 
        "graph" : {
            "keys" : ["HTML, JS, jQuery, AngularJS"],
            "values" : ["8, 9, 8, 8"]
        }
    }
    
]